"","Item.ID","choroidflux..umol.sec.","pectenflux..umol.sec."
"1","tgut13",7.17192,0.01465194
"2","tgut15",6.14028,0.0269274
"3","tgut28",6.68502,0.04637928
"4","tgut31",5.850936,0.0289269
"5","tgut32",9.2457,0.01225788
"6","tgut35",10.08312,0.01942698
"7","tgut36",3.775536,0.02567304
"8","tgut37",3.029208,0.0331512
"9","tgut38",4.41069,0.1112604
"10","tgut39",4.095246,0.075477
"11","tgut41",7.33716,0.01199118
